{"validation_loss": 0.06453184624994869, "iou": 0.9253534607453491, "f1_score": 0.9610265088647935}